<?xml version="1.0" encoding="UTF-8" standalone="yes"?>
<addon id="service.pushbullet.com"
       name="Pushbullet"
       version="0.0.2"
       provider-name="Rick Phillips (ruuk)">
  <requires>
    <import addon="xbmc.python" version="2.1.0"/>
    <import addon="script.module.youtube.dl" version="14.304.0"/>
    <import addon="script.module.password.storage" version="0.1.5" />
	<import addon="script.module.requests2" version="2.2.1"/>
  </requires>
  <extension point="xbmc.python.script" library="main.py">
    <provides>executable</provides>
  </extension>
  <extension point="xbmc.service" library="service.py" start="login"></extension>
  <extension point="xbmc.addon.metadata">
    <summary></summary>
    <description></description>
    <platform>all</platform>
    <license>GNU GENERAL PUBLIC LICENSE. Version 2, June 1991</license>
    <forum></forum>
    <source></source>
  </extension>
</addon>
