<window>
	<zorder>1</zorder>
	<coordinates>
		<system>1</system>
		<posx>536</posx>
		<posy>246</posy>
	</coordinates>
	<controls>
			<control type="image">
				<posx>10</posx>
				<posy>10</posy>
				<width>138</width>
				<height>138</height>
				<texture border="20">forum-browser-white-box.png</texture>
				<colordiffuse>AA000000</colordiffuse>
			</control>
			<control type="image">
				<posx>0</posx>
				<posy>0</posy>
				<width>128</width>
				<height>128</height>
				<texture border="20">forum-browser-white-boxr.png</texture>
				<colordiffuse>FFFFFFFF</colordiffuse>
			</control>
			<control type="image">
				<posx>48</posx>
				<posy>48</posy>
				<width>32</width>
				<height>32</height>
				<texture>forum-browser-loading.gif</texture>
				<colordiffuse>FFFFFFFF</colordiffuse>
			</control>
	</controls>
</window>
