<?xml version="1.0" encoding="UTF-8" standalone="yes"?>
<addon id="script.forum.browser"
       name="Forum Browser"
       version="0.9.27"
       provider-name="Rick Phillips (ruuk)">
  <requires>
    <import addon="xbmc.python" version="2.0"/>
    <import addon="script.module.simplejson" version="2.0.9"/>
    <import addon="script.web.viewer" />
  </requires>
  <extension point="xbmc.python.script"
             library="default.py">
    <provides>executable</provides>
  </extension>
  <extension point="xbmc.addon.metadata">
    <platform>all</platform>
    <summary lang="en">Browse forums within XBMC</summary>
    <description lang="en">Browse Forums in XBMC. View forums, threads, posts, subscriptions and private messages. Follow links in Web Viewer. Post replies, send private messages, delete posts, quote posts. View images in posts, follow post forum links and download post links. Supports Tapatalk enabled forums (over 30000). Also supports forums: boxee.tv,xbmc4xbox.org</description>
  </extension>
</addon>