<window>
	<defaultcontrol>120</defaultcontrol>
	<coordinates>
		<system>1</system>
		<posx>0</posx>
		<posy>0</posy>
	</coordinates>
	<controls>
		<control type="image">
			<posx>20</posx>
			<posy>20</posy>
			<width>1240</width>
			<height>680</height>
			<texture border="20">ShareSocial-Progress-Back.png</texture>
		</control>
		<control type="group">
			<posx>40</posx>
			<posy>40</posy>
			<control type="image">
				<posx>2</posx>
				<posy>2</posy>
				<width>1196</width>
				<height>296</height>
				<texture>ShareSocial-Progress-OverUnder.png</texture>
			</control>
			<control type="image"id="200">
				<posx>279</posx>
				<posy>2</posy>
				<width>1</width>
				<height>296</height>
				<texture>ShareSocial-Progress-Bar.png</texture>
			</control>
			<control type="image"id="202">
				<posx>22</posx>
				<posy>22</posy>
				<width>256</width>
				<height>256</height>
				<texture>-</texture>
			</control>
			<control type="image"id="203">
				<posx>922</posx>
				<posy>22</posy>
				<width>256</width>
				<height>256</height>
				<texture>ShareSocial-Progress-QuestionMark.png</texture>
			</control>
			<control type="image">
				<posx>0</posx>
				<posy>0</posy>
				<width>1200</width>
				<height>300</height>
				<texture>ShareSocial-Progress-Over.png</texture>
			</control>
			<control type="label"id="201">
				<posx>279</posx>
				<posy>86</posy>
				<width>642</width>
				<height>119</height>
				<font>font24_title</font>
				<align>center</align>
				<aligny>center</aligny>
				<textcolor>white</textcolor>
			</control>
		</control>
		<control type="group">
			<posx>40</posx>
			<posy>360</posy>
			<control type="image">
				<posx>0</posx>
				<posy>0</posy>
				<width>1200</width>
				<height>320</height>
				<texture border="20">ShareSocial-Progress-Box.png</texture>
			</control>
			<control type="label"id="205">
				<posx>20</posx>
				<posy>20</posy>
				<width>1160</width>
				<height>280</height>
				<font>font24_title</font>
				<align>center</align>
				<aligny>top</aligny>
				<textcolor>white</textcolor>
				<wrapmultiline>true</wrapmultiline>
			</control>
		</control>
	</controls>
</window>
