<?xml version="1.0" encoding="UTF-8" standalone="yes"?>
<addon id="service.pushbullet.com"
       name="Pushbullet"
       version="0.1.5"
       provider-name="Rick Phillips (ruuk)">
  <requires>
    <import addon="xbmc.python" version="2.1.0"/>
    <import addon="script.module.youtube.dl" version="14.925.0"/>
	<import addon="script.module.requests2" version="2.2.1"/>
	<import addon="script.module.oauth.helper" version="0.0.3"/>
  </requires>
  <extension point="xbmc.service" library="service.py" start="login"></extension>
  <extension point="xbmc.python.script" library="main.py">
    <provides>executable</provides>
  </extension>
  <extension point="xbmc.addon.metadata">
    <summary>Pushbullet for Kodi/XBMC</summary>
    <description>Send videos, images, notes, lists and addresses from your phone and PC to Kodi/XBMC. Currently allows viewing of videos, images, notes, addresses (with map) and lists (checkable).</description>
    <platform>all</platform>
    <license>GNU GENERAL PUBLIC LICENSE. Version 2, June 1991</license>
    <forum>http://forum.xbmc.org/showthread.php?tid=204743</forum>
    <source>https://github.com/ruuk/service.pushbullet.com</source>
  </extension>
</addon>
