<window>
	<defaultcontrol>123</defaultcontrol>
	<zorder>2</zorder>
	<coordinates>
		<system>1</system>
		<posx>0</posx>
		<posy>0</posy>
	</coordinates>
	<controls>
		<control type="group">
			<posx>240</posx>
			<posy>100</posy>
			<control type="image">
				<posx>-20</posx>
				<posy>-10</posy>
				<width>840</width>
				<height>482</height>
				<texture border="30">forum-browser-white-box.png</texture>
				<colordiffuse>AA000000</colordiffuse>
			</control>
			<control type="image" id="250">
				<description>Large Back</description>
				<posx>0</posx>
				<posy>-6</posy>
				<width>800</width>
				<height>452</height>
				<texture border="20">forum-browser-white-boxr.png</texture>
				<colordiffuse>FF444444</colordiffuse>
			</control>
			<control type="image">
				<description>Large Back</description>
				<posx>10</posx>
				<posy>4</posy>
				<width>780</width>
				<height>432</height>
				<texture border="20">forum-browser-white-boxr.png</texture>
				<colordiffuse>FF888888</colordiffuse>
			</control>
			<control type="image">
				<posx>10</posx>
				<posy>4</posy>
				<width>780</width>
				<height>85</height>
				<texture border="20">forum-browser-white-box.png</texture>
			</control>
			<control type="image">
				<description>Smaller Back</description>
				<posx>10</posx>
				<posy>84</posy>
				<width>780</width>
				<height>352</height>
				<texture border="20">forum-browser-white-boxr.png</texture>
			</control>

			<control type="label" id="104">
				<description>Caption</description>
				<posx>35</posx>
				<posy>14</posy>
				<width>600</width>
				<height>60</height>
				<font>ForumBrowser-font13</font>
				<textcolor>black</textcolor>
				<aligny>center</aligny>
				<align>left</align>
				<wrapmultiline>true</wrapmultiline>
			</control>
			
			<control type="button" id="110">
				<description>Close Button</description>
				<posx>750</posx>
				<posy>15</posy>
				<width>28</width>
				<height>28</height>
				<texturefocus>forum-browser-close-button-focus.png</texturefocus>
				<texturenofocus>forum-browser-close-button.png</texturenofocus>
				<visible>system.getbool(input.enablemouse)</visible>
				<onclick>PreviousMenu</onclick>
			</control>
			
			<control type="textbox" id="122">
				<posx>30</posx>
				<posy>97</posy>
				<width>725</width>
				<height>326</height>
				<colordiffuse>FFFFFFFF</colordiffuse>
				<font>ForumBrowser-font13</font>
				<scroll>true</scroll>
				<textcolor>FF000000</textcolor>
				<visible>true</visible>
				<pagecontrol>123</pagecontrol>
			</control>
			<control type="scrollbar" id="123">
				<description>Message Scrollbar</description>
				<posx>774</posx>
				<posy>97</posy>
				<width>4</width>
				<height>326</height>
				<onleft>111</onleft>
				<onright>111</onright>
				<onup>123</onup>
				<ondown>123</ondown>
				<texturesliderbackground>-</texturesliderbackground>
				<texturesliderbar border="1">forum-browser-panel-full.png</texturesliderbar>
				<texturesliderbarfocus border="1">forum-browser-black-square.png</texturesliderbarfocus>
				<textureslidernib>-</textureslidernib>
				<textureslidernibfocus>-</textureslidernibfocus>
				<orientation>vertical</orientation>
				<showonepage>false</showonepage>
				<colordiffuse>FF555555</colordiffuse>
				<!-- visible>!Control.IsVisible(112)</visible -->
			</control>
			
			<control type="group" id="112">
				<control type="image">
					<posx>670</posx>
					<posy>380</posy>
					<width>120</width>
					<height>60</height>
					<texture border="30">forum-browser-white-box.png</texture>
					<colordiffuse>AA000000</colordiffuse>
				</control>
				<control type="button" id="111">
					<description>Ok Button</description>
					<posx>670</posx>
					<posy>380</posy>
					<width>100</width>
					<height>40</height>
					<onleft>123</onleft>
					<onright>123</onright>
					<onup>123</onup>
					<ondown>123</ondown>
					<visible>true</visible>
					<font>font13</font>
					<align>center</align>
					<label>$LOCALIZE[SCRIPT3013]</label>
					<texturefocus border="20">forum-browser-grey-boxr.png</texturefocus>
					<texturenofocus border="20">forum-browser-white-boxr.png</texturenofocus>
					<textcolor>black</textcolor>
					<disabledcolor>60000000</disabledcolor>
					<focusedcolor>white</focusedcolor>
					<onclick>PreviousMenu</onclick>
				</control>
			</control>
			
		</control>

	</controls>
</window>
