<window>
	<defaultcontrol>120</defaultcontrol>
	<zorder>2</zorder>
	<coordinates>
		<system>1</system>
		<posx>0</posx>
		<posy>0</posy>
	</coordinates>
	<controls>
		<control type="group" id="250">
			<posx>240</posx>
			<posy>50</posy>
			<control type="image">
				<posx>0</posx>
				<posy>0</posy>
				<width>800</width>
				<height>620</height>
				<texture border="20">forum-browser-dark-black-box.png</texture>
			</control>
			<control type="label" id="300">
				<posx>50</posx>
				<posy>10</posy>
				<width>700</width>
				<height>20</height>
				<font>font20</font>
				<aligny>center</aligny>
				<textcolor>white</textcolor>
				<align>center</align>
			</control>
			<control type='list' id="120">
				<posx>15</posx>
				<posy>40</posy>
				<width>770</width>
				<height>580</height>
				<onleft>120</onleft>
				<onright>120</onright>
				<onup>120</onup>
				<ondown>120</ondown>
				<!-- pagecontrol>121</pagecontrol -->
				<scrolltime>200</scrolltime>
				<itemlayout height="200">
					<control type="image">
						<posx>30</posx>
						<posy>5</posy>
						<width>710</width>
						<height>190</height>
						<texture>$INFO[ListItem.Thumb]</texture>
					</control>
				</itemlayout>
				<focusedlayout height="200">
					<control type="image">
						<posx>0</posx>
						<posy>0</posy>
						<width>770</width>
						<height>200</height>
						<texture border="20">forum-browser-dark-black-box.png</texture>
					</control>
					<control type="image">
						<posx>30</posx>
						<posy>5</posy>
						<width>710</width>
						<height>190</height>
						<texture>$INFO[ListItem.Thumb]</texture>
					</control>
				</focusedlayout>
			</control>
		</control>
	</controls>
</window>
