<?xml version="1.0" encoding="UTF-8" standalone="yes"?>
<window>
	<onload>SetProperty(pushbullet,1)</onload>
	<defaultcontrol>200</defaultcontrol>
	<coordinates>
		<system>1</system>
		<posx>0</posx>
		<posy>0</posy>
	</coordinates>
	<controls>
		<control type="group">
			<posx>0</posx>
			<posy>0</posy>
			<control type="image">
				<posx>0</posx>
				<posy>0</posy>
				<width>1280</width>
				<height>720</height>
				<texture>service-pushbullet-com-white_square.png</texture>
				<colordiffuse>FFFFFFFF</colordiffuse>
			</control>
		</control>
		<control type="group" id="200">
			<defaultcontrol>101</defaultcontrol>
			<control type="list" id="101">
				<posx>0</posx>
				<posy>0</posy>
				<width>1280</width>
				<height>720</height>
				<scrolltime>200</scrolltime>
				<itemlayout height="30">
					<control type="image">
						<posx>8</posx>
						<posy>8</posy>
						<width>14</width>
						<height>14</height>
						<texture>service-pushbullet-com-white_square.png</texture>
						<colordiffuse>FF000000</colordiffuse>
					</control>
					<control type="image">
						<posx>10</posx>
						<posy>10</posy>
						<width>10</width>
						<height>10</height>
						<texture>service-pushbullet-com-white_square.png</texture>
						<colordiffuse>FFFFFFFF</colordiffuse>
					</control>
					<control type="image">
						<visible>!IsEmpty(ListItem.Property(checked))</visible>
						<posx>10</posx>
						<posy>10</posy>
						<width>10</width>
						<height>10</height>
						<texture>service-pushbullet-com-white_square.png</texture>
						<colordiffuse>FFF00000</colordiffuse>
					</control>
					<control type="label">
						<posx>60</posx>
						<posy>5</posy>
						<width>1190</width>
						<height>20</height>
						<aligny>center</aligny>
						<textcolor>FF000000</textcolor>
						<align>left</align>
						<label>[B]$INFO[ListItem.Label][/B]</label>
					</control>
				</itemlayout>
				<focusedlayout height="30">
					<control type="image">
						<posx>0</posx>
						<posy>0</posy>
						<width>1280</width>
						<height>30</height>
						<texture>service-pushbullet-com-white_square.png</texture>
						<colordiffuse>FF666666</colordiffuse>
					</control>
					<control type="image">
						<posx>0</posx>
						<posy>0</posy>
						<width>1280</width>
						<height>30</height>
						<texture>service-pushbullet-com-white_square.png</texture>
						<colordiffuse>AA006000</colordiffuse>
					</control>
					<control type="image">
						<posx>8</posx>
						<posy>8</posy>
						<width>14</width>
						<height>14</height>
						<texture>service-pushbullet-com-white_square.png</texture>
						<colordiffuse>FF000000</colordiffuse>
					</control>
					<control type="image">
						<posx>10</posx>
						<posy>10</posy>
						<width>10</width>
						<height>10</height>
						<texture>service-pushbullet-com-white_square.png</texture>
						<colordiffuse>FFFFFFFF</colordiffuse>
					</control>
					<control type="image">
						<visible>!IsEmpty(ListItem.Property(checked))</visible>
						<posx>10</posx>
						<posy>10</posy>
						<width>10</width>
						<height>10</height>
						<texture>service-pushbullet-com-white_square.png</texture>
						<colordiffuse>FFF00000</colordiffuse>
					</control>
					<control type="label">
						<posx>60</posx>
						<posy>5</posy>
						<width>1190</width>
						<height>20</height>
						<aligny>center</aligny>
						<textcolor>FFFFFFFF</textcolor>
						<align>left</align>
						<label>[B]$INFO[ListItem.Label][/B]</label>
					</control>
				</focusedlayout>
			</control>
		</control>
	</controls>
</window>
