<window>
	<defaultcontrol>120</defaultcontrol>
	<coordinates>
		<system>1</system>
		<posx>0</posx>
		<posy>0</posy>
	</coordinates>
	<controls>
		<control type="group">
			<posx>0</posx>
			<posy>0</posy>
			<control type="image" id="101">
				<posx>0</posx>
				<posy>0</posy>
				<width>1280</width>
				<height>720</height>
				<texture border="40">forum-browser-dark-panel-full.png</texture>
				<colordiffuse>FF222222</colordiffuse>
			</control>

			<control type="image" id="251">
				<description>Large Back</description>
				<posx>10</posx>
				<posy>4</posy>
				<width>1260</width>
				<height>712</height>
				<texture border="20">forum-browser-dark-grey-boxr.png</texture>
				<colordiffuse>FFDDDDDD</colordiffuse>
			</control>
			<control type="image">
				<posx>10</posx>
				<posy>4</posy>
				<width>1260</width>
				<height>85</height>
				<texture border="20">forum-browser-dark-white-box.png</texture>
				<colordiffuse>FF888888</colordiffuse>
			</control>
			<control type="image" id="251">
				<description>Smaller Back</description>
				<posx>10</posx>
				<posy>84</posy>
				<width>1260</width>
				<height>632</height>
				<texture border="20">forum-browser-dark-black-box.png</texture>
			</control>
			<control type="label" id="103">
				<description>textarea</description>
				<posx>20</posx>
				<posy>22</posy>
				<width>100</width>
				<height>40</height>
				<font>font13_title</font>
				<textcolor>black</textcolor>
				<aligny>center</aligny>
				<align>center</align>
				<label>Posts</label>
				<wrapmultiline>true</wrapmultiline>
			</control>
			
			<control type="image">
				<posx>130</posx>
				<posy>19</posy>
				<width>155</width>
				<height>60</height>
				<texture border="30">forum-browser-dark-white-box.png</texture>
				<colordiffuse>AA000000</colordiffuse>
			</control>
			<control type="button" id="201">
				<description>Post Reply</description>
				<onleft>202</onleft>
				<onright>200</onright>
				<onup>120</onup>
				<ondown>120</ondown>
				<posx>130</posx>
				<posy>24</posy>
				<width>135</width>
				<height>40</height>
				<visible>true</visible>
				<font>font12</font>
				<align>center</align>
				<aligny>center</aligny>
				<label>$LOCALIZE[SCRIPT3002]</label>
				<texturefocus border="20">forum-browser-dark-grey-boxr.png</texturefocus>
				<texturenofocus border="20">forum-browser-dark-black-box.png</texturenofocus>
				<textcolor>white</textcolor>
				<focusedcolor>white</focusedcolor>
			</control>

			<control type="label" id="104">
				<description>Topic</description>
				<posx>280</posx>
				<posy>14</posy>
				<width>600</width>
				<height>60</height>
				<font>font13_title</font>
				<textcolor>black</textcolor>
				<aligny>center</aligny>
				<align>center</align>
				<wrapmultiline>true</wrapmultiline>
			</control>

			<control type="group">
				<posx>915</posx>
				<posy>14</posy>
				<control type="image">
					<description>Shadow</description>
					<posx>25</posx>
					<posy>-5</posy>
					<width>250</width>
					<height>80</height>
					<texture border="20">forum-browser-dark-white-box.png</texture>
					<colordiffuse>AA000000</colordiffuse>
				</control>
				<control type="button" id="200">
					<description>Previous</description>
					<onleft>201</onleft>
					<onright>105</onright>
					<onup>120</onup>
					<ondown>120</ondown>
					<posx>-3</posx>
					<posy>0</posy>
					<width>48</width>
					<height>60</height>
					<visible>true</visible>
					<font>font12</font>
					<align>right</align>
					<textcolor>white</textcolor>
					<disabledcolor>20555555</disabledcolor>
					<texturefocus>forum-browser-dark-left-focus.png</texturefocus>
					<texturenofocus>forum-browser-dark-left-nofocus.png</texturenofocus>
				</control>
				<control type="button" id="202">
					<description>Next</description>
					<onleft>106</onleft>
					<onright>201</onright>
					<onup>120</onup>
					<ondown>120</ondown>
					<posx>234</posx>
					<posy>0</posy>
					<width>48</width>
					<height>60</height>
					<visible>true</visible>
					<font>font12</font>
					<align>left</align>
					<textcolor>white</textcolor>
					<disabledcolor>20555555</disabledcolor>
					<texturefocus>forum-browser-dark-right-focus.png</texturefocus>
					<texturenofocus>forum-browser-dark-right-nofocus.png</texturenofocus>
				</control>
				<control type="button" id="105">
					<description>Page Button</description>
					<posx>25</posx>
					<posy>0</posy>
					<width>230</width>
					<height>60</height>
					<onleft>200</onleft>
					<onright>106</onright>
					<onup>120</onup>
					<ondown>120</ondown>
					<font>font12</font>
					<aligny>center</aligny>
					<align>center</align>
					<texturefocus border="20">forum-browser-dark-grey-boxr.png</texturefocus>
					<texturenofocus border="20">forum-browser-dark-black-box.png</texturenofocus>
					<textcolor>white</textcolor>
					<disabledcolor>60000000</disabledcolor>
					<focusedcolor>white</focusedcolor>
					<visible>!Control.IsVisible(106)</visible>
				</control>
				<control type="image">
					<description>Loading</description>
					<posx>-17</posx>
					<posy>14</posy>
					<width>32</width>
					<height>32</height>
					<texture>forum-browser-dark-loading2.gif</texture>
					<visible>Control.isVisible(106)</visible>
				</control>
				<control type="image" id="300">
					<posx>25</posx>
					<posy>0</posy>
					<width>230</width>
					<height>60</height>
					<texture>-</texture>
				</control>
				<control type="image" id="310">
					<description>Progress</description>
					<posx>25</posx>
					<posy>0</posy>
					<width>230</width>
					<height>60</height>
					<colordiffuse>FF555555</colordiffuse>
					<texture border="20">forum-browser-dark-grey-boxr.png</texture>
					<visible>Control.isVisible(106)</visible>
				</control>
				<control type="button" id="106">
					<description>Stop Button</description>
					<posx>25</posx>
					<posy>0</posy>
					<width>230</width>
					<height>60</height>
					<onleft>105</onleft>
					<onright>202</onright>
					<onup>120</onup>
					<ondown>120</ondown>
					<font>font12</font>
					<textcolor>FF000000</textcolor>
					<aligny>center</aligny>
					<align>center</align>
					<label>$LOCALIZE[SCRIPT3010]</label>
					<colordiffuse>FFFF0000</colordiffuse>
					<texturefocus border="20">forum-browser-dark-grey-boxr.png</texturefocus>
					<texturenofocus border="20">forum-browser-dark-white-trans-boxr.png</texturenofocus>
				</control>
			</control>
			
			<control type="group">
				<posx>1200</posx>
				<posy>15</posy>
				<control type="button" id="110">
					<description>Close Button</description>
					<posx>30</posx>
					<posy>0</posy>
					<width>28</width>
					<height>28</height>
					<texturefocus>forum-browser-dark-close-button-focus.png</texturefocus>
					<texturenofocus>forum-browser-dark-close-button.png</texturenofocus>
					<visible>system.getbool(input.enablemouse)</visible>
					<onclick>PreviousMenu</onclick>
				</control>
			
				<control type="label" id="160">
					<description>Login Error</description>
					<posx>0</posx>
					<posy>4</posy>
					<width>400</width>
					<height>10</height>
					<font>font10</font>
					<textcolor>black</textcolor>
					<aligny>top</aligny>
					<align>right</align>
				</control>
				<control type="image" id="111">
					<description>Logged In</description>
					<posx>5</posx>
					<posy>4</posy>
					<width>20</width>
					<height>20</height>
					<texture>forum-browser-dark-logged-in.png</texture>
					<colordiffuse>FF555555</colordiffuse>
				</control>
			</control>

			<control type="image" id="115">
				<description>listbg</description>
				<posx>15</posx>
				<posy>122</posy>
				<width>1066</width>
				<height>270</height>
				<colordiffuse>BB000000</colordiffuse>
				<texture>forum-browser-dark-text-background.png</texture>
				<visible>false</visible>
			</control>
		</control>
		<control type="group">
			<posx>0</posx>
			<posy>0</posy>
			<!-- ** Required ** Do not change <id> or <type> -->
			<control type="list" id="120">
				<posx>25</posx>
				<posy>90</posy>
				<width>1230</width>
				<height>620</height>
				<onleft>202</onleft>
				<onright>201</onright>
				<onup>120</onup>
				<ondown>120</ondown>
				<viewtype label="535">list</viewtype>
				<pagecontrol>121</pagecontrol>
				<scrolltime>200</scrolltime>
				<preloaditems>2</preloaditems>
				<itemlayout height="100">
					<control type="image">
						<posx>0</posx>
						<posy>0</posy>
						<width>1235</width>
						<height>101</height>
						<texture>forum-browser-dark-panel-full.png</texture>
						<colordiffuse>44FFFFFF</colordiffuse>
						<visible>StringCompare(ListItem.Director,me)</visible>
					</control>
					<control type="image">
						<posx>0</posx>
						<posy>0</posy>
						<width>1235</width>
						<height>101</height>
						<texture>forum-browser-dark-panel-full.png</texture>
						<colordiffuse>11FFFFFF</colordiffuse>
						<visible>StringCompare(ListItem.Director,)</visible>
					</control>
					<control type="image">
						<posx>2</posx>
						<posy>100</posy>
						<width>200</width>
						<height>1</height>
						<texture>forum-browser-dark-white-box.png</texture>
						<colordiffuse>66FFFFFF</colordiffuse>
					</control>
					<control type="image">
						<posx>200</posx>
						<posy>0</posy>
						<width>1030</width>
						<height>101</height>
						<texture border="10">forum-browser-dark-text-background.png</texture>
						<colordiffuse>FF202020</colordiffuse>
					</control>
					<control type="image">
						<posx>10</posx>
						<posy>7</posy>
						<width>20</width>
						<height>20</height>
						<texture>forum-browser-dark-logged-in.png</texture>
						<colordiffuse>FF333333</colordiffuse>
						<visible>StringCompare(ListItem.Property(online),)</visible>
					</control>
					<control type="image">
						<posx>10</posx>
						<posy>7</posy>
						<width>20</width>
						<height>20</height>
						<texture>forum-browser-dark-logged-in.png</texture>
						<colordiffuse>FF00FF00</colordiffuse>
						<visible>StringCompare(ListItem.Property(online),online)</visible>
					</control>
					<control type="label">
						<posx>35</posx>
						<posy>8</posy>
						<width>155</width>
						<height>15</height>
						<font>font18</font>
						<aligny>center</aligny>
						<textcolor>white</textcolor>
						<align>left</align>
						<info>ListItem.Label</info>
					</control>
					<control type="label">
						<posx>10</posx>
						<posy>30</posy>
						<width>175</width>
						<height>15</height>
						<font>font10</font>
						<aligny>center</aligny>
						<align>left</align>
						<textcolor>FF00BB00</textcolor>
						<info>ListItem.Property(activity)</info>
					</control>
					<control type="label">
						<posx>10</posx>
						<posy>40</posy>
						<width>175</width>
						<height>30</height>
						<font>font10</font>
						<aligny>center</aligny>
						<textcolor>FFAAAAAA</textcolor>
						<selectedcolor>FFAAAAAA</selectedcolor>
						<align>left</align>
						<info>ListItem.Property(status)</info>
					</control>
					<control type="image">
						<posx>10</posx>
						<posy>68</posy>
						<width>27</width>
						<height>27</height>
						<texture fallback="forum-browser-dark-avatar-none.png">$INFO[ListItem.Property(avatar)]</texture>
						<aspectratio>keep</aspectratio>
						<visible>true</visible>
					</control>
					<control type="label">
						<posx>42</posx>
						<posy>68</posy>
						<width>140</width>
						<height>10</height>
						<font>font10</font>
						<aligny>center</aligny>
						<textcolor>FF9999BB</textcolor>
						<align>left</align>
						<label>$LOCALIZE[SCRIPT3011] $INFO[ListItem.Property(postcount)]</label>
					</control>
					<control type="label">
						<posx>210</posx>
						<posy>7</posy>
						<width>585</width>
						<height>15</height>
						<font>font10</font>
						<aligny>center</aligny>
						<textcolor>white</textcolor>
						<align>left</align>
						<label>[B]$INFO[ListItem.Property(title)][/B]</label>
					</control>
					<control type="image">
						<posx>200</posx>
						<posy>25</posy>
						<width>1030</width>
						<height>1</height>
						<texture>forum-browser-white-box.png</texture>
						<colordiffuse>44FFFFFF</colordiffuse>
					</control>
					<control type="label">
						<posx>1145</posx>
						<posy>7</posy>
						<width>525</width>
						<height>15</height>
						<font>font10</font>
						<aligny>center</aligny>
						<textcolor>FF888888</textcolor>
						<align>right</align>
						<info>ListItem.Property(date)</info>
					</control>
					<control type="label">
						<posx>1220</posx>
						<posy>7</posy>
						<width>75</width>
						<height>15</height>
						<font>font10</font>
						<aligny>center</aligny>
						<textcolor>FFBBBBBB</textcolor>
						<align>right</align>
						<label>&#35;$INFO[ListItem.Property(postnumber)]</label>
					</control>
					<control type="textbox">
						<posx>210</posx>
						<posy>25</posy>
						<width>1010</width>
						<height>65</height>
						<font>font10</font>
						<textcolor>white</textcolor>
						<align>left</align>
						<info>ListItem.Property(message)</info>
						<visible>true</visible>
					</control>
				</itemlayout>
				<focusedlayout height="200">
					<control type="image">
						<posx>0</posx>
						<posy>0</posy>
						<width>1235</width>
						<height>201</height>
						<texture>forum-browser-dark-panel-full.png</texture>
						<colordiffuse>44FFFFFF</colordiffuse>
						<visible>StringCompare(ListItem.Director,me)</visible>
					</control>
					<control type="image">
						<posx>0</posx>
						<posy>0</posy>
						<width>1235</width>
						<height>201</height>
						<texture>forum-browser-dark-panel-full.png</texture>
						<colordiffuse>11FFFFFF</colordiffuse>
						<visible>StringCompare(ListItem.Director,)</visible>
					</control>
					<control type="image">
						<posx>2</posx>
						<posy>200</posy>
						<width>200</width>
						<height>1</height>
						<texture>forum-browser-dark-white-box.png</texture>
						<colordiffuse>66FFFFFF</colordiffuse>
					</control>
					<control type="image">
						<posx>200</posx>
						<posy>0</posy>
						<width>1030</width>
						<height>200</height>
						<texture border="10">forum-browser-dark-text-background-border.png</texture>
						<visible>true</visible>
					</control>
					<control type="image">
						<posx>144</posx>
						<posy>147</posy>
						<width>60</width>
						<height>25</height>
						<texture>forum-browser-dark-triangle-outline.png</texture>
						<visible>true</visible>
					</control>
					<control type="image">
						<posx>144</posx>
						<posy>147</posy>
						<width>60</width>
						<height>25</height>
						<texture>forum-browser-dark-triangle.png</texture>
						<colordiffuse>FF000000</colordiffuse>
					</control>
					<control type="image">
						<posx>200</posx>
						<posy>0</posy>
						<width>1030</width>
						<height>200</height>
						<texture border="10">forum-browser-dark-text-background.png</texture>
						<colordiffuse>FF000000</colordiffuse>
					</control>
					<control type="image">
						<posx>10</posx>
						<posy>7</posy>
						<width>20</width>
						<height>20</height>
						<texture>forum-browser-dark-logged-in.png</texture>
						<colordiffuse>FF333333</colordiffuse>
						<visible>StringCompare(ListItem.Property(online),)</visible>
					</control>
					<control type="image">
						<posx>10</posx>
						<posy>7</posy>
						<width>20</width>
						<height>20</height>
						<texture>forum-browser-dark-logged-in.png</texture>
						<colordiffuse>FF00FF00</colordiffuse>
						<visible>StringCompare(ListItem.Property(online),online)</visible>
					</control>
					<control type="label">
						<posx>35</posx>
						<posy>8</posy>
						<width>155</width>
						<height>15</height>
						<font>font18</font>
						<aligny>center</aligny>
						<textcolor>white</textcolor>
						<align>left</align>
						<info>ListItem.Label</info>
					</control>
					<control type="label">
						<posx>10</posx>
						<posy>30</posy>
						<width>175</width>
						<height>15</height>
						<font>font10</font>
						<aligny>center</aligny>
						<align>left</align>
						<textcolor>FF00BB00</textcolor>
						<info>ListItem.Property(activity)</info>
					</control>
					<control type="label">
						<posx>10</posx>
						<posy>40</posy>
						<width>175</width>
						<height>30</height>
						<font>font10</font>
						<aligny>center</aligny>
						<textcolor>FFAAAAAA</textcolor>
						<align>left</align>
						<info>ListItem.Property(status)</info>
					</control>
					<control type="label">
						<posx>10</posx>
						<posy>68</posy>
						<width>120</width>
						<height>10</height>
						<font>font10</font>
						<aligny>center</aligny>
						<textcolor>FF9999BB</textcolor>
						<align>left</align>
						<label>$LOCALIZE[SCRIPT3011] $INFO[ListItem.Property(postcount)]</label>
					</control>
					<control type="image">
						<posx>10</posx>
						<posy>85</posy>
						<width>108</width>
						<height>108</height>
						<texture fallback="forum-browser-dark-avatar-none.png">$INFO[ListItem.Property(avatar)]</texture>
						<aspectratio>keep</aspectratio>
						<visible>true</visible>
					</control>
					<control type="label">
						<posx>210</posx>
						<posy>7</posy>
						<width>585</width>
						<height>15</height>
						<font>font10</font>
						<aligny>center</aligny>
						<textcolor>white</textcolor>
						<align>left</align>
						<label>[B]$INFO[ListItem.Property(title)][/B]</label>
					</control>
					<control type="image">
						<posx>200</posx>
						<posy>25</posy>
						<width>1030</width>
						<height>1</height>
						<texture>forum-browser-white-box.png</texture>
						<colordiffuse>44FFFFFF</colordiffuse>
					</control>
					<control type="label">
						<posx>1145</posx>
						<posy>7</posy>
						<width>525</width>
						<height>15</height>
						<font>font10</font>
						<aligny>center</aligny>
						<textcolor>FF888888</textcolor>
						<align>right</align>
						<info>ListItem.Property(date)</info>
					</control>
					<control type="label">
						<posx>1220</posx>
						<posy>7</posy>
						<width>75</width>
						<height>15</height>
						<font>font10</font>
						<aligny>center</aligny>
						<textcolor>FFBBBBBB</textcolor>
						<align>right</align>
						<label>&#35;$INFO[ListItem.Property(postnumber)]</label>
					</control>
					<control type="textbox">
						<posx>210</posx>
						<posy>25</posy>
						<width>1010</width>
						<height>165</height>
						<font>font10</font>
						<textcolor>white</textcolor>
						<align>left</align>
						<info>ListItem.Property(message)</info>
						<visible>true</visible>
					</control>
				</focusedlayout>
			</control>
			<control type="group">
				<posx>1258</posx>
				<posy>100</posy>
				<control type="scrollbar" id="121">
					<description>scroll bar indicator for lists</description>
					<posx>0</posx>
					<posy>0</posy>
					<width>4</width>
					<height>600</height>
					<texturesliderbackground>-</texturesliderbackground>
					<texturesliderbar border="1">forum-browser-dark-panel-full.png</texturesliderbar>
					<texturesliderbarfocus border="1">forum-browser-dark-panel-full.png</texturesliderbarfocus>
					<textureslidernib>-</textureslidernib>
					<textureslidernibfocus>-</textureslidernibfocus>
					<orientation>vertical</orientation>
					<showonepage>false</showonepage>
					<colordiffuse>FF222222</colordiffuse>
					<visible>Control.IsVisible(120)</visible>
				</control>
			</control>

		</control>
	</controls>
</window>
